{"cameraMode":{"drawMode":0,"name":"Shaded","section":"Shading Mode"},"sceneLighting":true,"audioPlay":false,"sceneViewState":{"m_AlwaysRefresh":false,"showFog":true,"showSkybox":true,"showFlares":true,"showImageEffects":true,"showParticleSystems":true,"showVisualEffectGraphs":true,"m_FxEnabled":true},"in2DMode":false,"pivot":{"x":-8.564745903015137,"y":95.71144104003906,"z":1.0003366470336915},"rotation":{"x":-0.0018656863830983639,"y":0.7324579358100891,"z":-0.6807265281677246,"w":-0.0019529956625774503},"size":7.071067810058594,"orthographic":false}